country,year,co2,population,primary_energy_consumption,iso_code,gdp,biofuel_cons_change_pct,biofuel_cons_change_twh,biofuel_cons_per_capita,biofuel_consumption,biofuel_elec_per_capita,biofuel_electricity,biofuel_share_elec,biofuel_share_energy,carbon_intensity_elec,coal_cons_change_pct,coal_cons_change_twh,coal_cons_per_capita,coal_consumption,coal_elec_per_capita,coal_electricity,coal_prod_change_pct,coal_prod_change_twh,coal_prod_per_capita,coal_production,coal_share_elec,coal_share_energy,electricity_demand,electricity_demand_per_capita,electricity_generation,electricity_share_energy,energy_cons_change_pct,energy_cons_change_twh,energy_per_capita,energy_per_gdp,fossil_cons_change_pct,fossil_cons_change_twh,fossil_elec_per_capita,fossil_electricity,fossil_energy_per_capita,fossil_fuel_consumption,fossil_share_elec,fossil_share_energy,gas_cons_change_pct,gas_cons_change_twh,gas_consumption,gas_elec_per_capita,gas_electricity,gas_energy_per_capita,gas_prod_change_pct,gas_prod_change_twh,gas_prod_per_capita,gas_production,gas_share_elec,gas_share_energy,greenhouse_gas_emissions,hydro_cons_change_pct,hydro_cons_change_twh,hydro_consumption,hydro_elec_per_capita,hydro_electricity,hydro_energy_per_capita,hydro_share_elec,hydro_share_energy,low_carbon_cons_change_pct,low_carbon_cons_change_twh,low_carbon_consumption,low_carbon_elec_per_capita,low_carbon_electricity,low_carbon_energy_per_capita,low_carbon_share_elec,low_carbon_share_energy,net_elec_imports,net_elec_imports_share_demand,nuclear_cons_change_pct,nuclear_cons_change_twh,nuclear_consumption,nuclear_elec_per_capita,nuclear_electricity,nuclear_energy_per_capita,nuclear_share_elec,nuclear_share_energy,oil_cons_change_pct,oil_cons_change_twh,oil_consumption,oil_elec_per_capita,oil_electricity,oil_energy_per_capita,oil_prod_change_pct,oil_prod_change_twh,oil_prod_per_capita,oil_production,oil_share_elec,oil_share_energy,other_renewable_consumption,other_renewable_electricity,other_renewables_cons_change_pct,other_renewables_cons_change_twh,other_renewables_elec_per_capita,other_renewables_energy_per_capita,other_renewables_share_elec,other_renewables_share_energy,per_capita_electricity,renewables_cons_change_pct,renewables_cons_change_twh,renewables_consumption,renewables_elec_per_capita,renewables_electricity,renewables_energy_per_capita,renewables_share_elec,renewables_share_energy,solar_cons_change_pct,solar_cons_change_twh,solar_consumption,solar_elec_per_capita,solar_electricity,solar_energy_per_capita,solar_share_elec,solar_share_energy,wind_cons_change_pct,wind_cons_change_twh,wind_consumption,wind_elec_per_capita,wind_electricity,wind_energy_per_capita,wind_share_elec,wind_share_energy,Code,Urban population,Rural population,Urban population (% of total population)
China,1965,500.286,723415737,1536.194,CHN,896126812160,NA,NA,NA,NA,NA,NA,NA,NA,NA,NA,NA,1838.38,1330.705,NA,NA,3.103,52.314,2401.048,1737.99,NA,86.623,NA,NA,NA,NA,NA,NA,2122.266,1.714,NA,NA,NA,NA,2031.997,1470.854,NA,95.747,NA,NA,11.087,NA,NA,15.316,8.28,0.783,14.142,10.237,NA,0.722,NA,NA,NA,65.341,30.545,22.097,90.269,NA,4.253,NA,NA,65.341,NA,NA,90.269,NA,4.253,NA,NA,NA,NA,0,0,0,0,NA,0,NA,NA,129.063,NA,NA,178.301,33.059,32.68,181.717,131.535,NA,8.401,NA,NA,NA,NA,NA,NA,NA,NA,NA,NA,NA,65.341,NA,NA,90.269,NA,4.253,NA,NA,NA,NA,NA,NA,NA,NA,NA,NA,NA,NA,NA,NA,NA,NA,CHN,129348359,585836641,18.086
China,1966,549.459,742402209,1669.308,CHN,927339380736,NA,NA,NA,NA,NA,NA,NA,NA,NA,6.974,92.807,1916.031,1423.512,NA,NA,9.365,162.755,2558.38,1900.744,NA,85.276,NA,NA,NA,NA,8.665,133.114,2246.869,1.8,8.972,131.964,NA,NA,2157.373,1602.817,NA,96.017,21.818,2.419,13.505,NA,NA,18.178,7.647,0.783,14.832,11.02,NA,0.809,NA,1.76,1.15,66.491,30.288,22.486,89.496,NA,3.983,1.76,1.15,66.491,NA,NA,89.496,NA,3.983,NA,NA,NA,0,0,0,0,0,NA,0,28.465,36.737,165.8,NA,NA,223.165,28.647,37.681,227.763,169.217,NA,9.932,NA,NA,NA,NA,NA,NA,NA,NA,NA,1.76,1.15,66.491,NA,NA,89.496,NA,3.983,NA,NA,NA,NA,NA,NA,NA,NA,NA,NA,NA,NA,NA,NA,NA,NA,CHN,131746910,603653090,17.915
China,1967,460.226,761026025,1501.068,CHN,933378392064,NA,NA,NA,NA,NA,NA,NA,NA,NA,-11.111,-158.168,1662.725,1265.344,NA,NA,-30.581,-581.267,1733.858,1319.477,NA,84.296,NA,NA,NA,NA,-10.078,-168.24,1972.478,1.608,-9.924,-159.066,NA,NA,1897.161,1443.752,NA,96.182,8.955,1.209,14.715,NA,NA,19.336,7.104,0.783,15.509,11.802,NA,0.98,NA,-13.797,-9.174,57.317,25.47,19.383,75.317,NA,3.818,-13.797,-9.174,57.317,NA,NA,75.317,NA,3.818,NA,NA,NA,0,0,0,0,0,NA,0,-1.271,-2.107,163.693,NA,NA,215.101,-4.605,-7.792,212.12,161.424,NA,10.905,NA,NA,NA,NA,NA,NA,NA,NA,NA,-13.797,-9.174,57.317,NA,NA,75.317,NA,3.818,NA,NA,NA,NA,NA,NA,NA,NA,NA,NA,NA,NA,NA,NA,NA,NA,CHN,134196718,620353282,17.785
China,1968,495.507,781011031,1516.696,CHN,912372793344,NA,NA,NA,NA,NA,NA,NA,NA,NA,-0.744,-9.42,1609.391,1255.924,NA,NA,32.159,424.325,2234.578,1743.802,NA,82.807,NA,NA,NA,NA,1.041,15.627,1943.555,1.662,0.368,5.317,NA,NA,1856.894,1449.068,NA,95.541,-4.11,-0.605,14.11,NA,NA,18.081,6.633,0.783,16.127,12.585,NA,0.93,NA,17.989,10.311,67.628,29.283,22.87,86.661,NA,4.459,17.989,10.311,67.628,NA,NA,86.661,NA,4.459,NA,NA,NA,0,0,0,0,0,NA,0,9.372,15.342,179.035,NA,NA,229.422,15.202,24.539,238.301,185.964,NA,11.804,NA,NA,NA,NA,NA,NA,NA,NA,NA,17.989,10.311,67.628,NA,NA,86.661,NA,4.459,NA,NA,NA,NA,NA,NA,NA,NA,NA,NA,NA,NA,NA,NA,NA,NA,CHN,136747486,637762514,17.656
China,1969,607.683,802140343,1845.186,CHN,1006175649792,NA,NA,NA,NA,NA,NA,NA,NA,NA,20.757,260.687,1892.378,1516.61,NA,NA,8.333,145.317,2357.182,1889.119,NA,82.193,NA,NA,NA,NA,21.658,328.49,2302.365,1.834,22.59,327.34,NA,NA,2216.546,1776.409,NA,96.273,40,5.644,19.754,NA,NA,24.649,22.01,2.77,19.16,15.355,NA,1.071,NA,1.7,1.15,68.778,28.997,23.259,85.818,NA,3.727,1.7,1.15,68.778,NA,NA,85.818,NA,3.727,NA,NA,NA,0,0,0,0,0,NA,0,34.077,61.01,240.044,NA,NA,299.52,35.96,66.872,315.481,252.836,NA,13.009,NA,NA,NA,NA,NA,NA,NA,NA,NA,1.7,1.15,68.778,NA,NA,85.818,NA,3.727,NA,NA,NA,NA,NA,NA,NA,NA,NA,NA,NA,NA,NA,NA,NA,NA,CHN,139527262,656497738,17.528
China,1970,807.953,823308968,2361.698,CHN,1144004411392,NA,NA,NA,NA,NA,NA,NA,NA,NA,27.234,413.04,2345.98,1929.65,NA,NA,10.769,203.444,2544.043,2092.563,NA,81.706,NA,NA,NA,NA,27.992,516.512,2871.246,2.064,28.947,514.212,NA,NA,2784.833,2290.621,NA,96.99,46.429,9.172,28.926,NA,NA,35.167,88.378,13.571,35.167,28.926,NA,1.225,NA,3.344,2.3,71.077,29.196,24.037,86.413,NA,3.01,3.344,2.3,71.077,NA,NA,86.413,NA,3.01,NA,NA,NA,0,0,0,0,0,NA,0,38.327,92.001,332.046,NA,NA,403.686,40.984,103.623,433.367,356.46,NA,14.06,NA,NA,NA,NA,NA,NA,NA,NA,NA,3.344,2.3,71.077,NA,NA,86.413,NA,3.01,NA,NA,NA,NA,NA,NA,NA,NA,NA,NA,NA,NA,NA,NA,NA,NA,CHN,142386810,675928190,17.4
China,1971,909.21,844069870,2800.124,CHN,1216237928448,NA,NA,NA,NA,NA,NA,NA,NA,NA,15.3,295.228,2638.344,2224.877,NA,NA,8.333,174.38,2688.227,2266.943,NA,79.456,NA,NA,NA,NA,18.564,438.426,3320.494,2.302,18.49,423.528,NA,NA,3218.541,2714.149,NA,96.93,30.314,8.768,37.694,NA,NA,44.699,30.314,8.768,44.699,37.694,NA,1.346,NA,20.96,14.898,85.975,34.446,29.075,101.953,NA,3.07,20.96,14.898,85.975,34.446,29.075,101.953,NA,3.07,NA,NA,NA,0,0,0,0,0,NA,0,35.999,119.532,451.578,NA,NA,535.498,28.581,101.879,543.515,458.338,NA,16.127,0,0,NA,NA,0,0,NA,0,NA,20.96,14.898,85.975,34.446,29.075,101.953,NA,3.07,NA,NA,0,0,0,0,NA,0,NA,NA,0,0,0,0,NA,0,CHN,145443877,695661123,17.292
China,1972,968.646,863677811,3018.837,CHN,1233564991488,NA,NA,NA,NA,NA,NA,NA,NA,NA,5.755,128.046,2726.951,2352.924,NA,NA,2.564,58.127,2694.669,2325.07,NA,77.941,NA,NA,NA,NA,7.811,218.712,3498.72,2.447,7.636,207.252,NA,NA,3385.795,2921.401,NA,96.772,29.412,11.087,48.781,NA,NA,56.535,29.412,11.087,56.535,48.781,NA,1.616,NA,13.33,11.461,97.436,38.152,32.951,112.925,NA,3.228,13.33,11.461,97.436,38.152,32.951,112.925,NA,3.228,NA,NA,NA,0,0,0,0,0,NA,0,15.085,68.119,519.697,NA,NA,602.309,15.884,72.804,615.574,531.142,NA,17.215,0,0,NA,0,0,0,NA,0,NA,13.33,11.461,97.436,38.152,32.951,112.925,NA,3.228,NA,0,0,0,0,0,NA,0,NA,0,0,0,0,0,NA,0,CHN,148131235,713898765,17.184
China,1973,1008.293,882576941,3186.893,CHN,1334375219200,NA,NA,NA,NA,NA,NA,NA,NA,NA,1.31,30.819,2703.723,2383.743,NA,NA,7.5,174.38,2834.961,2499.45,NA,74.798,NA,NA,NA,NA,5.567,168.056,3614.683,2.388,5.36,156.596,NA,NA,3491.169,3077.996,NA,96.583,23.554,11.49,60.27,NA,NA,68.361,23.554,11.49,68.361,60.27,NA,1.891,NA,11.762,11.461,108.897,41.727,36.827,123.514,NA,3.417,11.762,11.461,108.897,41.727,36.827,123.514,NA,3.417,NA,NA,NA,0,0,0,0,0,NA,0,21.991,114.287,633.983,NA,NA,719.085,17.386,92.342,707.177,623.484,NA,19.893,0,0,NA,0,0,0,NA,0,NA,11.762,11.461,108.897,41.727,36.827,123.514,NA,3.417,NA,0,0,0,0,0,NA,0,NA,0,0,0,0,0,NA,0,CHN,151552570,730387430,17.184
China,1974,1028.1,900307583,3286.762,CHN,1367631724544,NA,NA,NA,NA,NA,NA,NA,NA,NA,-1.056,-25.179,2622.469,2358.564,NA,NA,4.651,116.254,2908.38,2615.703,NA,71.76,NA,NA,NA,NA,3.134,99.869,3654.525,2.403,2.779,85.533,NA,NA,3517.504,3163.529,NA,96.251,25.92,15.622,75.892,NA,NA,84.384,25.92,15.622,84.384,75.892,NA,2.309,NA,13.165,14.336,123.232,46.29,41.675,137.021,NA,3.749,13.165,14.336,123.232,46.29,41.675,137.021,NA,3.749,NA,NA,NA,0,0,0,0,0,NA,0,14.999,95.09,729.073,NA,NA,810.651,20.966,130.721,838.595,754.206,NA,22.182,0,0,NA,0,0,0,NA,0,NA,13.165,14.336,123.232,46.29,41.675,137.021,NA,3.749,NA,0,0,0,0,0,NA,0,NA,0,0,0,0,0,NA,0,CHN,155688522,744661478,17.292
China,1975,1183.215,916116795,3680.441,CHN,1460733607936,NA,NA,NA,NA,NA,NA,NA,NA,NA,12.705,299.647,2904.753,2658.211,NA,NA,4.444,116.253,2985.338,2731.957,NA,72.225,NA,NA,NA,NA,11.978,393.68,4021.792,2.52,12.263,387.956,NA,NA,3880.876,3551.485,NA,96.496,17.53,13.304,89.196,NA,NA,97.469,17.53,13.304,97.469,89.196,NA,2.424,NA,4.645,5.724,128.956,47.604,43.611,140.917,NA,3.504,4.645,5.724,128.956,47.604,43.611,140.917,NA,3.504,NA,NA,NA,0,0,0,0,0,NA,0,10.288,75.005,804.078,NA,NA,878.654,18.828,142.002,979.329,896.208,NA,21.847,0,0,NA,0,0,0,NA,0,NA,4.645,5.724,128.956,47.604,43.611,140.917,NA,3.504,NA,0,0,0,0,0,NA,0,NA,0,0,0,0,0,NA,0,CHN,159452730,756942270,17.4
China,1976,1226.421,930372293,3874.827,CHN,1413710479360,NA,NA,NA,NA,NA,NA,NA,NA,NA,2.444,64.954,2930.1,2723.165,NA,NA,2.128,58.127,3002.104,2790.083,NA,70.278,NA,NA,NA,NA,5.282,194.385,4169.278,2.741,5.425,192.66,NA,NA,4028.666,3744.146,NA,96.627,14.124,12.598,101.794,NA,NA,109.53,14.124,12.598,109.53,101.794,NA,2.627,NA,1.338,1.725,130.681,47.501,44.194,140.612,NA,3.373,1.338,1.725,130.681,47.501,44.194,140.612,NA,3.373,NA,NA,NA,0,0,0,0,0,NA,0,14.316,115.108,919.186,NA,NA,989.036,13.107,117.463,1090.701,1013.671,NA,23.722,0,0,NA,0,0,0,NA,0,NA,1.338,1.725,130.681,47.501,44.194,140.612,NA,3.373,NA,0,0,0,0,0,NA,0,NA,0,0,0,0,0,NA,0,CHN,162497601,768187399,17.46
China,1977,1340.831,943546379,4225.152,CHN,1493489287168,NA,NA,NA,NA,NA,NA,NA,NA,NA,10.002,272.375,3178.017,2995.539,NA,NA,9.792,273.196,3249.883,3063.279,NA,70.898,NA,NA,NA,NA,9.041,350.325,4482.533,2.829,9.203,344.589,NA,NA,4337.805,4088.734,NA,96.771,20,20.359,122.153,NA,NA,129.595,20,20.359,129.595,122.153,NA,2.891,NA,4.39,5.737,136.418,48.894,46.134,144.728,NA,3.229,4.39,5.737,136.418,48.894,46.134,144.728,NA,3.229,NA,NA,NA,0,0,0,0,0,NA,0,5.641,51.855,971.042,NA,NA,1030.194,7.435,75.362,1155.373,1089.033,NA,22.982,0,0,NA,0,0,0,NA,0,NA,4.39,5.737,136.418,48.894,46.134,144.728,NA,3.229,NA,0,0,0,0,0,NA,0,NA,0,0,0,0,0,NA,0,CHN,165293316,778161684,17.52
China,1978,1492.778,956161484,4632.033,CHN,1667551723520,NA,NA,NA,NA,NA,NA,NA,NA,NA,9.803,293.657,3443.684,3289.197,NA,NA,12.524,383.636,3608.811,3446.916,NA,71.01,NA,NA,NA,NA,9.63,406.881,4849.59,2.778,10.162,415.479,NA,NA,4715.768,4504.213,NA,97.241,13.284,16.227,138.38,NA,NA,144.879,13.284,16.227,144.879,138.38,NA,2.987,NA,-6.303,-8.599,127.819,45.208,43.226,133.823,NA,2.759,-6.303,-8.599,127.819,45.208,43.226,133.823,NA,2.759,NA,NA,NA,0,0,0,0,0,NA,0,10.874,105.595,1076.637,NA,NA,1127.205,11.117,121.068,1266.938,1210.102,NA,23.243,0,0,NA,0,0,0,NA,0,NA,-6.303,-8.599,127.819,45.208,43.226,133.823,NA,2.759,NA,0,0,0,0,0,NA,0,NA,0,0,0,0,0,NA,0,CHN,171153535,785011465,17.9
China,1979,1525.661,969288069,4771.826,CHN,1801380298752,NA,NA,NA,NA,NA,NA,NA,NA,NA,3.451,113.509,3514.106,3402.706,NA,NA,2.867,98.815,3661.815,3545.731,NA,71.308,NA,NA,NA,NA,3.018,139.793,4928.051,2.649,2.754,124.033,NA,NA,4779.771,4628.247,NA,96.991,5.681,7.861,146.241,NA,NA,151.029,5.681,7.861,151.029,146.241,NA,3.065,NA,12.33,15.76,143.579,50.094,48.556,148.28,NA,3.009,12.33,15.76,143.579,50.094,48.556,148.28,NA,3.009,NA,NA,NA,0,0,0,0,0,NA,0,0.247,2.663,1079.3,NA,NA,1114.635,2.018,24.423,1274.942,1234.525,NA,22.618,0,0,NA,0,0,0,NA,0,NA,12.33,15.76,143.579,50.094,48.556,148.28,NA,3.009,NA,0,0,0,0,0,NA,0,NA,0,0,0,0,0,NA,0,CHN,180399661,788605339,18.617
China,1980,1494.496,983163545,4827.534,CHN,1893783568384,NA,NA,NA,NA,NA,NA,NA,NA,NA,4.006,136.313,3602.522,3539.019,NA,NA,14.258,505.552,4123.979,4051.284,NA,73.309,NA,NA,NA,NA,1.167,55.708,4914.158,2.549,0.586,27.128,NA,NA,4738.91,4655.375,NA,96.434,-1.654,-2.419,143.823,NA,NA,146.403,-1.654,-2.419,146.403,143.823,NA,2.979,NA,19.905,28.58,172.159,59.218,58.221,175.249,NA,3.566,19.905,28.58,172.159,59.218,58.221,175.249,NA,3.566,NA,NA,NA,0,0,0,0,0,NA,0,-9.892,-106.767,972.533,NA,NA,989.984,-0.188,-2.326,1254.309,1232.198,NA,20.146,0,0,NA,0,0,0,NA,0,NA,19.905,28.58,172.159,59.218,58.221,175.249,NA,3.566,NA,0,0,0,0,0,NA,0,NA,0,0,0,0,0,NA,0,CHN,189947471,791287529,19.358
China,1981,1476.488,997721068,4763.85,CHN,1949955260416,NA,NA,NA,NA,NA,NA,NA,NA,NA,-0.532,-18.824,3529.869,3520.195,NA,NA,-10.779,-436.68,3624.537,3614.604,NA,73.894,NA,NA,NA,NA,-1.319,-63.684,4776.941,2.443,-1.831,-85.246,NA,NA,4582.687,4570.128,NA,95.934,-10.722,-15.42,128.402,NA,NA,128.755,-10.722,-15.42,128.755,128.402,NA,2.695,NA,12.525,21.562,193.722,65.663,65.513,194.254,NA,4.066,12.525,21.562,193.722,65.663,65.513,194.254,NA,4.066,NA,NA,NA,0,0,0,0,0,NA,0,-5.244,-51.002,921.531,NA,NA,924.063,-4.464,-55.01,1180.424,1177.189,NA,19.344,0,0,NA,0,0,0,NA,0,NA,12.525,21.562,193.722,65.663,65.513,194.254,NA,4.066,NA,0,0,0,0,0,NA,0,NA,0,0,0,0,0,NA,0,CHN,199949784,793935216,20.118
China,1982,1606.585,1013588169,4976.87,CHN,2128598007808,NA,NA,NA,NA,NA,NA,NA,NA,NA,5.813,204.643,3675.283,3724.838,NA,NA,7.191,259.93,3822.988,3874.534,NA,74.843,NA,NA,NA,NA,4.472,213.021,4910.659,2.338,4.085,186.701,NA,NA,4693.545,4756.829,NA,95.579,-6.358,-8.164,120.238,NA,NA,118.639,-6.358,-8.164,118.639,120.238,NA,2.416,NA,13.586,26.319,220.041,73.416,74.414,217.114,NA,4.421,13.586,26.319,220.041,73.416,74.414,217.114,NA,4.421,NA,NA,NA,0,0,0,0,0,NA,0,-1.061,-9.778,911.753,NA,NA,899.623,0.889,10.467,1171.855,1187.656,NA,18.32,0,0,NA,0,0,0,NA,0,NA,13.586,26.319,220.041,73.416,74.414,217.114,NA,4.421,NA,0,0,0,0,0,NA,0,NA,0,0,0,0,0,NA,0,CHN,210823843,797806157,20.902
China,1983,1694.217,1029064952,5297.698,CHN,2278862356480,NA,NA,NA,NA,NA,NA,NA,NA,NA,7.092,264.167,3875.729,3989.005,NA,NA,7.234,280.283,4036.833,4154.817,NA,75.297,NA,NA,NA,NA,6.446,320.828,5147.26,2.325,5.998,285.335,NA,NA,4898.982,5042.165,NA,95.177,2.347,2.822,123.06,NA,NA,119.566,2.347,2.822,119.566,123.06,NA,2.323,NA,16.13,35.493,255.534,83.976,86.417,248.278,NA,4.823,16.13,35.493,255.534,83.976,86.417,248.278,NA,4.823,NA,NA,NA,0,0,0,0,0,NA,0,2.012,18.346,930.099,NA,NA,903.687,3.868,45.938,1198.564,1233.594,NA,17.557,0,0,NA,0,0,0,NA,0,NA,16.13,35.493,255.534,83.976,86.417,248.278,NA,4.823,NA,0,0,0,0,0,NA,0,NA,0,0,0,0,0,NA,0,CHN,220472140,802837860,21.545
China,1984,1844.828,1043849645,5685.145,CHN,2534000295936,NA,NA,NA,NA,NA,NA,NA,NA,NA,8.756,349.261,4154.742,4338.266,NA,NA,10.455,434.38,4395.058,4589.198,NA,76.309,NA,NA,NA,NA,7.313,387.446,5444.643,2.244,7.661,386.27,NA,NA,5198.792,5428.434,NA,95.485,1.802,2.217,125.278,NA,NA,119.978,1.802,2.217,119.978,125.278,NA,2.204,NA,0.46,1.176,256.71,83.168,86.815,245.85,NA,4.515,0.46,1.176,256.71,83.168,86.815,245.85,NA,4.515,NA,NA,NA,0,0,0,0,0,NA,0,3.741,34.791,964.89,NA,NA,924.072,8.051,99.32,1276.527,1332.914,NA,16.972,0,0,NA,0,0,0,NA,0,NA,0.46,1.176,256.71,83.168,86.815,245.85,NA,4.515,NA,0,0,0,0,0,NA,0,NA,0,0,0,0,0,NA,0,CHN,230206255,806618745,22.203
China,1985,1998.083,1059807821,6150.371,CHN,2752673742848,NA,NA,NA,NA,NA,NA,NA,NA,NA,9.174,397.999,4467.163,4736.265,245.937,260.645,10.53,483.227,4784.223,5072.425,63.465,77.008,NA,NA,410.69,6.88,8.183,465.227,5800.923,2.234,8.267,448.748,300.34,318.302,5543.256,5877.182,77.504,95.558,4.023,5.039,130.317,0.917,0.972,122.913,4.023,5.039,122.913,130.317,0.237,2.119,NA,6.419,16.479,273.189,87.174,92.388,257.667,22.496,4.442,6.419,16.479,273.189,87.174,92.388,257.667,22.496,4.442,NA,NA,NA,0,0,0,0,0,0,0,4.737,45.71,1010.6,53.486,56.685,953.181,8.978,119.673,1370.055,1452.587,13.802,16.432,0,0,NA,0,0,0,0,0,387.514,6.419,16.479,273.189,87.174,92.388,257.667,22.496,4.442,NA,0,0,0,0,0,0,0,NA,0,0,0,0,0,0,0,CHN,240414890,810625110,22.874
China,1986,2104.213,1077233612,6444.106,CHN,2931539050496,NA,NA,NA,NA,NA,NA,NA,NA,NA,4.543,215.159,4594.136,4951.424,278.129,299.61,2.488,126.185,4823.485,5198.61,66.65,76.836,NA,NA,449.53,7.182,4.776,293.735,5979.108,2.198,4.889,287.345,329.531,354.981,5719.703,6164.527,78.967,95.661,6.419,8.365,138.682,1.572,1.693,128.675,6.419,8.365,128.675,138.682,0.377,2.152,NA,2.339,6.39,279.579,87.77,94.549,259.405,21.033,4.339,2.339,6.39,279.579,87.77,94.549,259.405,21.033,4.339,NA,NA,NA,0,0,0,0,0,0,0,6.315,63.82,1074.421,49.829,53.678,996.892,4.636,67.338,1410.249,1519.925,11.941,16.673,0,0,NA,0,0,0,0,0,417.3,2.339,6.39,279.579,87.77,94.549,259.405,21.033,4.339,NA,0,0,0,0,0,0,0,NA,0,0,0,0,0,0,0,CHN,251325056,815464944,23.559
China,1987,2257.739,1096217446,6950.239,CHN,3177306390528,NA,NA,NA,NA,NA,NA,NA,NA,NA,8.499,420.818,4897.874,5372.242,310.031,339.862,3.814,198.292,4920.356,5396.901,68.346,77.296,NA,NA,497.267,7.362,7.854,506.133,6336.534,2.187,7.948,489.941,362.376,397.243,6066.879,6654.468,79.885,95.744,0.945,1.31,139.993,2.497,2.737,127.631,0.945,1.31,127.631,139.993,0.55,2.014,NA,5.791,16.191,295.771,91.245,100.024,269.654,20.115,4.256,5.791,16.191,295.771,91.245,100.024,269.654,20.115,4.256,NA,NA,NA,0,0,0,0,0,0,0,6.312,67.813,1142.234,49.848,54.644,1041.375,2.64,40.124,1422.296,1560.048,10.989,16.434,0,0,NA,0,0,0,0,0,453.621,5.791,16.191,295.771,91.245,100.024,269.654,20.115,4.256,NA,0,0,0,0,0,0,0,NA,0,0,0,0,0,0,0,CHN,262976051,821058949,24.259
China,1988,2425.894,1115244161,7467.112,CHN,3354463305728,NA,NA,NA,NA,NA,NA,NA,NA,NA,7.427,398.982,5171.858,5771.224,335.041,373.653,5.581,301.217,5106.345,5698.119,68.534,77.289,NA,NA,545.21,7.517,7.437,516.873,6691.621,2.226,7.361,489.835,390.983,436.042,6402.338,7144.304,79.977,95.677,2.664,3.729,143.722,1.841,2.053,128.796,2.664,3.729,128.796,143.722,0.377,1.925,NA,9.142,27.038,322.809,97.887,109.168,289.284,20.023,4.323,9.142,27.038,322.809,97.887,109.168,289.284,20.023,4.323,NA,NA,NA,0,0,0,0,0,0,0,7.628,87.124,1229.358,54.101,60.336,1101.684,2.169,33.843,1428.359,1593.891,11.067,16.464,0,0,NA,0,0,0,0,0,488.871,9.142,27.038,322.809,97.887,109.168,289.284,20.023,4.323,NA,0,0,0,0,0,0,0,NA,0,0,0,0,0,0,0,CHN,275121076,826508924,24.974
China,1989,2463.654,1133991005,7836.437,CHN,3380560265216,NA,NA,NA,NA,NA,NA,NA,NA,NA,4.777,275.678,5330.416,6046.902,357.199,405.06,7.582,432.054,5403.82,6130.173,69.264,77.164,NA,NA,584.81,7.69,4.946,369.325,6907.912,2.318,4.787,341.999,411.292,466.401,6599.264,7486.302,79.753,95.532,5.533,7.952,151.674,3.271,3.709,133.702,5.533,7.952,133.702,151.674,0.634,1.935,NA,8.465,27.325,350.134,104.418,118.409,308.647,20.247,4.468,8.465,27.325,350.134,104.418,118.409,308.647,20.247,4.468,NA,NA,NA,0,0,0,0,0,0,0,4.748,58.369,1287.727,50.822,57.632,1135.146,0.43,6.862,1411.083,1600.753,9.855,16.433,0,0,NA,0,0,0,0,0,515.71,8.465,27.325,350.134,104.418,118.409,308.647,20.247,4.468,NA,0,0,0,0,0,0,0,NA,0,0,0,0,0,0,0,CHN,287504237,831145763,25.701
China,1990,2484.855,1153582718,7938.249,CHN,3385121832960,NA,NA,NA,NA,NA,NA,NA,NA,NA,1.449,87.615,5317.236,6134.517,382.505,441.251,2.436,149.347,5442.92,6279.52,71.032,77.278,NA,NA,621.2,8.078,1.299,101.813,6880.663,2.345,1.028,76.971,428.567,494.388,6555.643,7563.273,79.586,95.276,1.655,2.51,154.183,2.402,2.771,133.642,1.655,2.51,133.642,154.183,0.446,1.942,NA,7.039,24.646,374.781,109.87,126.744,324.85,20.403,4.721,7.097,24.842,374.977,109.929,126.812,325.02,20.414,4.724,NA,NA,NA,0,0,0,0,0,0,0,-1.022,-13.154,1274.573,43.661,50.366,1104.765,0.487,7.792,1394.244,1608.545,8.108,16.056,0.184,0.064,NA,0.184,0.055,0.16,0.01,0.002,538.496,7.097,24.842,374.977,109.929,126.812,325.02,20.414,4.724,NA,0.006,0.006,0.002,0.002,0.005,0,0,NA,0.006,0.006,0.002,0.002,0.005,0,0,CHN,300165618,835019382,26.442
China,1991,2606.096,1170788527,8337.61,CHN,3508947910656,NA,NA,NA,NA,NA,NA,NA,NA,NA,4.873,298.911,5495.715,6433.428,425.725,498.434,0.697,43.747,5401.61,6323.266,73.564,77.162,NA,NA,677.55,8.372,5.031,399.361,7122.351,2.376,5.36,405.417,472.148,552.786,6807.203,7968.69,81.586,95.575,1.255,1.935,156.118,2.075,2.429,133.363,1.255,1.935,133.363,156.118,0.358,1.872,NA,-1.621,-6.077,368.704,106.5,124.689,314.963,18.403,4.422,-1.615,-6.056,368.921,106.564,124.764,315.148,18.414,4.425,NA,NA,NA,0,0,0,0,0,0,0,8.204,104.571,1379.144,44.349,51.923,1178.125,1.938,31.168,1400.715,1639.714,7.663,16.541,0.184,0.064,0,0,0.055,0.157,0.009,0.002,578.713,-1.615,-6.056,368.921,106.564,124.764,315.148,18.414,4.425,0,0,0.006,0.002,0.002,0.005,0,0,350,0.021,0.027,0.008,0.009,0.023,0.001,0,CHN,314301034,836478966,27.312
China,1992,2730.788,1184574240,8773.708,CHN,3755037425664,NA,NA,NA,NA,NA,NA,NA,NA,NA,4.633,298.069,5686.282,6731.497,478.931,567.33,2.664,168.483,5483.761,6491.75,75.249,76.724,NA,NA,753.94,8.852,5.23,436.098,7411.395,2.337,5.244,417.861,525.933,623.007,7084.353,8386.551,82.633,95.587,1.937,3.024,159.142,2.083,2.467,134.432,1.937,3.024,134.432,159.142,0.327,1.814,NA,4.81,17.733,386.437,110.323,130.686,326.434,17.334,4.404,4.945,18.237,387.158,110.532,130.933,327.043,17.367,4.413,NA,NA,NA,0,0,0,0,0,0,0,8.467,116.768,1495.912,44.919,53.21,1263.638,0.745,12.211,1395.427,1651.925,7.058,17.05,0.323,0.113,76.562,0.139,0.095,0.273,0.015,0.004,636.465,4.945,18.237,387.158,110.532,130.933,327.043,17.367,4.413,50,0.003,0.009,0.003,0.003,0.007,0,0,1344.444,0.361,0.388,0.111,0.131,0.328,0.017,0.004,CHN,328521540,836448460,28.2
China,1993,2921.651,1197308569,9457.634,CHN,4126169366528,NA,NA,NA,NA,NA,NA,NA,NA,NA,6.519,438.859,5996.005,7170.356,492.128,589.228,3.072,199.396,5595.279,6691.146,72.602,75.816,NA,NA,811.59,8.863,7.795,683.926,7908.675,2.292,7.352,616.55,549.404,657.806,7528.585,9003.102,81.052,95.194,6.175,9.827,168.969,2.609,3.124,141.295,6.175,9.827,141.295,168.969,0.385,1.787,NA,16.192,62.57,449.007,126.823,151.846,375.47,18.71,4.748,17.452,67.375,454.532,128.441,153.783,380.09,18.948,4.806,NA,NA,NA,4.551,4.551,1.34,1.604,3.806,0.198,0.048,11.222,167.864,1663.776,54.668,65.454,1391.285,1.401,23.144,1400.728,1675.069,8.065,17.592,0.334,0.117,3.54,0.011,0.098,0.28,0.014,0.004,677.845,16.226,62.823,449.981,127.101,152.179,376.284,18.751,4.758,33.333,0.003,0.012,0.003,0.004,0.01,0,0,61.538,0.239,0.627,0.177,0.212,0.525,0.026,0.007,CHN,342961393,835478607,29.103
China,1994,3103.739,1209003100,10048.812,CHN,4438753280000,NA,NA,NA,NA,NA,NA,NA,NA,NA,6.573,471.311,6329.622,7641.667,573.537,693.408,7.755,518.878,5972.09,7210.024,74.737,76.045,NA,NA,927.8,9.573,6.251,591.179,8323.469,2.264,5.622,506.176,616.013,744.761,7876.569,9509.277,80.272,94.631,4.736,8.002,176.971,2.609,3.154,146.586,4.736,8.002,146.586,176.971,0.34,1.761,NA,10.262,46.078,495.086,138.485,167.429,410.081,18.046,4.927,19.021,85.003,539.535,151.392,183.034,446.899,19.728,5.369,NA,NA,819.95,37.319,41.87,12.205,14.756,34.681,1.59,0.417,1.615,26.862,1690.638,39.867,48.199,1400.362,1.423,23.842,1407.214,1698.91,5.195,16.824,1.429,0.46,293.162,1.095,0.38,1.184,0.05,0.014,767.409,10.579,47.684,497.665,139.187,168.278,412.218,18.137,4.952,25,0.003,0.015,0.004,0.005,0.012,0.001,0,80.952,0.508,1.135,0.317,0.384,0.94,0.041,0.011,CHN,357836540,833998460,30.024
China,1995,3361.637,1220133927,10352.658,CHN,4810000039936,NA,NA,NA,NA,NA,NA,NA,NA,NA,1.246,95.183,6351.341,7736.85,608.036,741.886,9.745,702.626,6495.659,7912.651,73.671,74.733,NA,NA,1007.03,10.123,3.024,303.846,8498.712,2.152,2.44,231.999,655.648,799.979,7996.816,9741.276,79.439,94.094,1.031,1.824,178.795,2.458,2.999,146.777,2.227,3.941,148.514,180.912,0.298,1.727,NA,13.827,68.457,563.543,156.196,190.58,462.624,18.925,5.443,13.121,71.847,611.382,169.695,207.05,501.896,20.56,5.906,NA,NA,-13.032,-5.457,36.414,10.518,12.833,29.893,1.274,0.352,7.985,134.992,1825.631,45.154,55.094,1498.698,2.013,34.192,1422.74,1733.103,5.471,17.634,9.582,3.014,555.217,8.153,2.47,7.866,0.299,0.093,825.344,15.415,77.303,574.968,159.177,194.217,472.003,19.286,5.554,40,0.006,0.021,0.006,0.007,0.017,0.001,0,60.526,0.687,1.822,0.505,0.616,1.496,0.061,0.018,CHN,373035157,831819843,30.961
China,1996,3508.818,1230944812,10907.449,CHN,5127589593088,NA,NA,NA,NA,NA,NA,NA,NA,NA,4.634,358.54,6590.733,8095.39,669.554,824.184,2.643,209.156,6612.24,8121.807,76.221,74.219,NA,NA,1081.31,10.289,5.359,554.792,8880.127,2.127,5.795,564.504,712.756,877.363,8390.287,10305.78,81.139,94.484,4.791,8.567,187.362,2.297,2.828,152.538,12.056,21.81,165.043,202.722,0.262,1.718,NA,-1.37,-7.718,555.825,152.704,187.97,452.516,17.384,5.096,-1.5,-9.713,601.669,165.681,203.944,489.839,18.861,5.516,NA,NA,11.728,4.27,40.684,11.648,14.338,33.122,1.326,0.373,10.813,197.398,2023.029,40.904,50.351,1647.017,6.375,110.485,1500.928,1843.588,4.656,18.547,4.855,1.533,-49.137,-4.727,1.245,3.953,0.142,0.045,878.439,-2.374,-13.983,560.985,154.033,189.606,456.717,17.535,5.143,28.571,0.006,0.027,0.007,0.009,0.022,0.001,0,-84.754,-1.544,0.278,0.076,0.094,0.226,0.009,0.003,CHN,388593258,828956742,31.916
China,1997,3515.594,1241139619,10981.134,CHN,5291339415552,NA,NA,NA,NA,NA,NA,NA,NA,NA,-2.019,-163.478,6408.065,7931.912,698.573,867.026,-0.656,-53.312,6518.407,8068.494,76.353,72.232,NA,NA,1135.55,10.748,0.676,73.684,8871.482,2.075,0.443,45.662,743.042,922.219,8362.765,10351.442,81.213,94.266,5.67,10.623,197.985,6.508,8.077,159.949,12.872,26.094,184.857,228.816,0.711,1.803,NA,4.261,23.685,579.511,157.903,195.98,468.177,17.259,5.277,4.602,28.022,629.69,171.882,213.329,508.717,18.786,5.734,NA,NA,0.558,0.227,40.911,11.617,14.418,33.052,1.27,0.373,9.813,198.517,2221.545,37.961,47.115,1794.751,1.016,18.724,1504.532,1862.312,4.149,20.231,8.651,2.722,77.56,3.796,2.193,6.989,0.24,0.079,914.925,4.908,27.795,588.779,160.265,198.911,475.665,17.517,5.362,22.222,0.006,0.033,0.009,0.011,0.026,0.001,0,110.753,0.308,0.585,0.16,0.198,0.473,0.017,0.005,CHN,404485562,825589438,32.883
China,1998,3364.587,1250847121,11000.566,CHN,5338703069184,NA,NA,NA,NA,NA,NA,NA,NA,NA,-0.759,-60.195,6313.354,7871.717,712.856,891.674,-4,-322.748,6212.321,7745.747,76.407,71.557,NA,NA,1167,11.031,0.177,19.433,8822.785,2.061,0.116,12.028,760.411,951.158,8311.815,10363.471,81.505,94.209,3.121,6.178,204.163,4.87,6.092,163.745,2.537,5.805,188.173,234.621,0.522,1.856,NA,1.485,8.605,588.116,159.004,198.89,471.686,17.043,5.346,1.177,7.405,637.095,172.555,215.84,510.97,18.495,5.791,NA,NA,-2.206,-0.902,40.009,11.272,14.1,32.088,1.208,0.364,2.973,66.045,2287.591,42.685,53.392,1834.717,0.031,0.581,1494.096,1862.893,4.575,20.795,7.878,2.48,-8.891,-0.773,1.983,6.318,0.213,0.072,932.968,1.422,8.307,597.086,161.282,201.74,478.881,17.287,5.428,27.273,0.009,0.041,0.011,0.014,0.033,0.001,0,79.592,0.466,1.051,0.284,0.356,0.843,0.03,0.01,CHN,420606126,821328874,33.867
China,1999,3557.275,1260176650,11386.067,CHN,5578502963200,NA,NA,NA,NA,NA,NA,NA,NA,NA,2.888,227.316,6451.186,8099.033,769.483,969.684,2.4,185.897,6317.854,7931.644,78.245,71.131,NA,NA,1239.3,11.3,3.504,385.502,9069.434,2.041,3.758,389.437,813.186,1024.758,8565.098,10752.908,82.688,94.439,6.107,12.467,216.631,3.819,4.813,172.555,8.243,19.341,202.29,253.962,0.388,1.903,NA,-1.161,-6.831,581.285,155.994,196.58,463.015,15.862,5.105,-0.602,-3.936,633.16,170.246,214.54,504.336,17.311,5.561,NA,NA,6.021,2.409,42.418,11.863,14.949,33.788,1.206,0.373,6.542,149.654,2437.245,39.884,50.261,1941.358,0.025,0.465,1484.236,1863.359,4.056,21.406,8.006,2.52,1.613,0.128,2,6.377,0.203,0.07,983.434,-1.065,-6.345,590.742,158.383,199.591,470.548,16.105,5.188,21.429,0.009,0.05,0.013,0.017,0.04,0.001,0,33.239,0.349,1.401,0.376,0.474,1.116,0.038,0.012,CHN,436766058,815968942,34.865
China,2000,3649.227,1269581164,11800.283,CHN,5952682590208,NA,NA,0,0,2.001,2.54,0.187,0,783.314,1.387,112.374,6495.856,8211.406,835.126,1060.26,3.713,294.467,6507.489,8226.111,78.213,69.587,1346.85,1060.862,1355.6,11.967,3.638,414.216,9334.937,1.982,3.091,332.351,876.903,1113.3,8769.297,11085.26,82.126,93.941,13.999,30.327,246.957,4.545,5.77,195.362,7.945,20.177,216.866,274.14,0.426,2.093,1061.86,13.14,76.379,657.664,175.184,222.41,520.263,16.407,5.573,12.938,81.865,715.025,190.85,242.3,565.64,17.874,6.059,-8.75,-0.65,11.961,5.073,47.491,13.185,16.74,37.569,1.235,0.402,7.781,189.651,2626.896,37.233,47.27,2078.078,1.498,27.912,1496.141,1891.271,3.487,22.261,8.06,2.537,0.675,0.054,1.998,6.376,0.187,0.068,1067.754,13.011,76.792,667.533,177.665,225.56,528.07,16.639,5.657,29.412,0.015,0.065,0.016,0.02,0.051,0.001,0.001,24.52,0.343,1.744,0.465,0.59,1.38,0.044,0.015,CHN,452999147,809645853,35.877
China,2001,3728.51,1278725057,12470.062,CHN,6329737412608,NA,0,0,0,1.994,2.55,0.172,0,762.735,5.168,424.349,6785.17,8635.755,883.02,1129.14,5.946,489.118,6847.614,8715.229,76.253,69.252,1472.19,1151.295,1480.79,12.45,5.676,669.779,9797.812,1.97,4.603,510.202,924.82,1182.59,9110.632,11595.462,79.862,92.986,11.945,29.5,276.458,3.855,4.93,217.215,11.504,31.536,240.171,305.676,0.333,2.217,1129.45,24.738,157.367,815.031,216.958,277.43,640.375,18.735,6.536,23.075,159.577,874.602,233.201,298.2,687.18,20.138,7.014,-8.6,-0.584,4.391,1.764,49.255,13.662,17.47,38.7,1.18,0.395,2.145,56.353,2683.249,37.944,48.52,2108.247,1.359,25.702,1506.178,1916.973,3.277,21.518,8.112,2.554,0.67,0.052,1.997,6.374,0.172,0.065,1158.021,24.462,157.813,825.347,219.539,280.73,648.48,18.958,6.619,40.909,0.026,0.091,0.023,0.03,0.072,0.002,0.001,21.918,0.369,2.113,0.563,0.72,1.66,0.049,0.017,CHN,471767321,800082679,37.093
China,2002,4103.046,1286866839,13580.49,CHN,6814493573120,NA,1.715,1.339,1.715,1.982,2.55,0.154,0.013,773.163,9.631,831.703,7391.104,9467.458,996.661,1282.57,6.794,592.093,7266.088,9307.322,77.543,69.714,1645.61,1278.773,1654.01,12.747,8.905,1110.428,10602.088,1.993,9.156,1061.73,1039.323,1337.47,9881.282,12657.191,80.862,93.201,6.394,17.678,294.136,3.256,4.19,229.627,7.689,23.503,256.985,329.179,0.253,2.166,1278.82,3.799,25.506,840.537,223.776,287.97,656.195,17.41,6.189,6.719,48.698,923.299,245.977,316.54,720.806,19.138,6.799,-8.4,-0.51,43.813,21.123,70.378,19.528,25.13,54.943,1.519,0.518,7.914,212.349,2895.598,39.406,50.71,2260.55,1.235,23.679,1515.038,1940.651,3.066,21.322,8.085,2.546,-0.313,-0.028,1.978,6.312,0.154,0.06,1285.3,4.411,27.574,852.921,226.449,291.41,665.863,17.618,6.28,54.839,0.049,0.14,0.039,0.05,0.109,0.003,0.001,16.433,0.331,2.444,0.653,0.84,1.908,0.051,0.018,CHN,491993700,788406300,38.425
China,2003,4841.119,1294517315,15818.756,CHN,7248623435776,176,3.019,3.673,4.735,1.962,2.54,0.133,0.03,790.786,19.177,1815.601,8754.203,11283.059,1174.16,1519.97,18.125,1686.979,8530.165,10994.302,79.555,71.327,1903.22,1470.216,1910.58,12.574,16.481,2238.265,12273.32,2.182,17.4,2202.377,1220.501,1579.96,11529.114,14859.568,82.695,93.936,16.187,47.612,341.747,3.986,5.16,265.152,7.207,23.725,273.808,352.904,0.27,2.16,1510.86,-1.49,-17.83,822.707,219.14,283.68,638.315,14.848,5.201,5.376,35.889,959.188,255.4,330.62,744.207,17.305,6.064,-7.36,-0.387,72.492,50.24,120.618,33.48,43.34,93.584,2.268,0.763,11.713,339.165,3234.762,42.356,54.83,2509.76,1.629,31.622,1530.231,1972.274,2.87,20.449,8.051,2.536,-0.393,-0.034,1.959,6.246,0.133,0.051,1475.901,-0.377,-14.352,838.57,221.921,287.28,650.622,15.036,5.301,33.333,0.046,0.186,0.046,0.06,0.144,0.003,0.001,19.059,0.447,2.891,0.772,1,2.243,0.052,0.018,CHN,512473984,775926016,39.776
China,2004,5217.351,1302100319,18509.135,CHN,7830953263104,26.103,1.236,4.604,5.97,1.943,2.53,0.115,0.032,778.356,16.593,1872.222,10144.286,13155.28,1322.801,1722.42,17.095,1879.429,9927.178,12873.73,78.174,71.075,2197.23,1687.451,2203.31,12.415,17.008,2690.381,14272.746,2.364,16.645,2473.324,1378.857,1795.41,13365.722,17332.893,81.487,93.645,16.999,58.092,399.84,5.729,7.46,308.324,18.406,64.957,322.221,417.861,0.339,2.16,1714.96,24.628,196.083,1018.791,271.515,353.54,785.609,16.046,5.504,23.412,217.056,1176.244,313.263,407.9,907.024,18.513,6.355,-6.08,-0.277,16.444,18.939,139.558,38.76,50.47,107.616,2.291,0.754,16.787,543.01,3777.772,50.326,65.53,2913.112,2.633,51.939,1560.909,2024.213,2.974,20.41,8.023,2.528,-0.315,-0.027,1.941,6.187,0.115,0.043,1692.12,24.446,198.116,1036.686,274.503,357.43,799.408,16.222,5.601,18.75,0.033,0.219,0.061,0.08,0.169,0.004,0.001,28.166,0.791,3.682,0.983,1.28,2.839,0.058,0.02,CHN,533257098,762817902,41.144
China,2005,5882.106,1310027138,21027.164,CHN,8602939555840,40.28,2.405,6.418,8.375,4.061,5.32,0.213,0.04,781.931,17.102,2249.826,11805.696,15405.106,1511.534,1980.15,12.174,1567.26,11066.847,14440.99,79.198,73.263,2494.08,1903.839,2500.26,12.39,13.604,2518.027,16114.158,2.444,13.734,2380.453,1559.357,2042.8,15107.313,19713.346,81.704,93.752,17.485,69.911,469.751,9.267,12.14,359.994,18.958,79.218,380.937,497.08,0.486,2.234,1955.03,12.296,118.033,1136.824,303.062,397.02,871.204,15.879,5.406,12.557,137.577,1313.821,349.199,457.46,1006.846,18.296,6.248,-6.18,-0.248,5.189,6.313,145.871,40.526,53.09,111.788,2.123,0.694,1.607,60.715,3838.487,38.556,50.51,2941.623,4.195,84.921,1616.334,2109.134,2.02,18.255,16.938,5.322,110.522,8.914,4.063,12.98,0.213,0.081,1908.556,13.58,131.264,1167.95,308.673,404.37,895.058,16.173,5.554,10.526,0.022,0.241,0.061,0.08,0.184,0.003,0.001,52.3,1.89,5.572,1.489,1.95,4.27,0.078,0.027,CHN,554367818,749352182,42.522
China,2006,6494.331,1318054037,23048.332,CHN,9489543593984,44.09,3.693,9.191,12.068,5.409,7.13,0.249,0.052,786.511,9.823,1513.274,12884.437,16918.381,1746.833,2302.42,6.984,1008.564,11765.831,15449.555,80.344,73.404,2858.84,2168.986,2865.72,12.951,9.612,2021.17,17552.791,2.429,9.636,1899.643,1793.675,2364.16,16459.682,21612.988,82.498,93.772,23.009,108.086,577.838,18.072,23.82,440.061,18.721,93.056,449.427,590.136,0.831,2.507,2253.92,9.765,103.164,1239.988,330.631,435.79,944.33,15.207,5.38,10.262,121.524,1435.345,380.531,501.56,1093.108,17.502,6.228,-6.88,-0.241,3.306,3.875,149.745,41.607,54.84,114.041,1.914,0.65,7.25,278.282,4116.769,28.77,37.92,3135.185,1.882,39.691,1636.469,2148.825,1.323,17.861,22.712,7.133,34.029,5.774,5.412,17.297,0.249,0.099,2174.205,11.157,117.65,1285.599,338.924,446.72,979.067,15.588,5.578,13.095,0.03,0.27,0.068,0.09,0.206,0.003,0.001,90.735,4.989,10.562,2.815,3.71,8.043,0.129,0.046,CHN,575118254,735901746,43.868
China,2007,6983.547,1325813580,25049.576,CHN,10358205972480,10.591,1.278,10.099,13.346,7.437,9.86,0.3,0.053,785.125,8.899,1505.533,13941.528,18423.914,2003.826,2656.7,8.345,1289.311,12666.438,16738.865,80.959,73.55,3271.23,2467.338,3281.54,13.659,8.683,2001.242,18955.223,2.418,8.492,1835.273,2050.59,2718.7,17743.492,23448.26,82.848,93.607,23.007,132.941,710.779,25.577,33.91,537.852,18.252,107.711,528.066,697.847,1.033,2.837,2576.42,11.354,132.155,1372.143,366.009,485.26,1038.312,14.788,5.478,12.18,165.971,1601.315,424.524,562.84,1211.729,17.152,6.393,-10.31,-0.315,13.287,18.836,168.582,46.862,62.13,127.567,1.893,0.673,4.78,196.798,4313.567,21.187,28.09,3264.112,0.84,18.056,1639.697,2166.881,0.856,17.22,31.429,9.863,38.273,8.717,7.439,23.783,0.301,0.125,2475.114,12.047,147.134,1432.734,377.662,500.71,1084.161,15.258,5.72,20,0.052,0.322,0.083,0.11,0.244,0.003,0.001,47.617,4.932,15.493,4.133,5.48,11.724,0.167,0.062,CHN,595670841,722214159,45.199
China,2008,7501.498,1333821009,26020.463,CHN,10799147909120,36.213,4.833,13.667,18.179,11.148,14.87,0.425,0.07,746.948,1.585,292.006,14070.352,18715.92,2030.94,2708.91,3.647,610.418,13042.935,17349.283,77.491,71.928,3482.96,2611.265,3495.76,14.156,3.876,970.887,19561.799,2.409,2.111,495.08,2070.96,2762.29,18000.25,23943.34,79.018,92.017,15.272,108.55,819.329,25.918,34.57,615.959,15.973,111.47,608.432,809.317,0.989,3.149,2611.15,31.261,417.752,1789.895,477.545,636.96,1345.616,18.221,6.879,30.451,475.807,2077.122,549.901,733.47,1561.55,20.982,7.983,-12.8,-0.368,10.082,15.844,184.426,51.274,68.39,138.649,1.956,0.709,2.191,94.524,4408.092,14.102,18.81,3313.938,2.212,47.932,1665.063,2214.812,0.538,16.941,47.384,14.866,50.725,15.955,11.145,35.623,0.425,0.182,2620.862,32.912,459.963,1892.697,498.628,665.08,1422.901,19.025,7.274,33.333,0.105,0.427,0.112,0.15,0.321,0.004,0.002,139.082,21.318,36.812,9.821,13.1,27.675,0.375,0.141,CHN,616481190,708173810,46.539
China,2009,7891.078,1342522709,27158.898,CHN,11572544012288,9.404,1.71,14.852,19.889,15.538,20.86,0.562,0.073,753.029,4.75,889.1,14640.164,19605.02,2168.693,2911.52,3.09,536.068,13355.992,17885.352,78.38,72.186,3703.26,2758.434,3714.64,14.374,4.375,1138.436,20281.068,2.347,4.779,1144.217,2219.851,2980.2,18734.283,25087.559,80.229,92.373,10.119,82.911,902.24,42.13,56.56,673.753,6.188,50.081,641.76,859.398,1.523,3.322,2797.23,-3.347,-70.578,1719.316,458.57,615.64,1283.91,16.573,6.331,0.357,-5.782,2071.34,547.06,734.44,1546.786,19.771,7.627,-11.38,-0.307,2.422,3.3,187.726,52.178,70.05,140.186,1.886,0.691,3.907,172.207,4580.298,9.028,12.12,3420.365,-0.499,-11.044,1645.677,2203.769,0.326,16.865,66.509,20.859,40.316,19.125,15.537,49.666,0.562,0.245,2766.91,0.151,-9.082,1883.614,494.882,664.39,1406.6,17.886,6.936,83.553,0.352,0.779,0.209,0.28,0.582,0.008,0.003,110.802,40.309,77.121,20.566,27.61,57.59,0.743,0.284,CHN,637407288,693852712,47.88
China,2010,8620.576,1351561511,29055.609,CHN,12858808074240,-0.463,-0.092,14.684,19.797,18.423,24.9,0.592,0.068,740.64,3.752,735.523,15087.282,20340.543,2392.492,3233.6,8.286,1481.898,14365.356,19367.25,76.859,70.006,4193.65,3102.819,4207.16,15.285,6.984,1896.711,21551.547,2.26,6.203,1556.216,2475.685,3346.04,19762.605,26643.773,79.532,91.699,20.671,186.5,1088.741,57.511,77.73,807.556,12.34,106.048,716.104,965.445,1.848,3.747,3115.99,15.551,255.184,1974.5,526.339,711.38,1464.555,16.909,6.796,16.781,340.496,2411.836,637.13,861.12,1788.942,20.468,8.301,-13.51,-0.322,6.698,11.344,199.071,55.299,74.74,147.658,1.776,0.685,13.846,634.192,5214.49,25.681,34.71,3867.767,7.137,157.284,1751.274,2361.053,0.825,17.947,79.411,24.9,19.372,12.902,18.423,58.902,0.592,0.273,3112.814,17.813,329.152,2212.766,581.831,786.38,1641.285,18.691,7.616,151.254,1.167,1.946,0.518,0.7,1.443,0.017,0.007,78.887,59.992,137.113,36.55,49.4,101.701,1.174,0.472,CHN,658498663,679206337,49.226
China,2011,9532.332,1360250657,31336.535,CHN,13691527364608,10.629,2.104,16.138,21.901,20.312,27.63,0.586,0.07,752.231,8.864,1803.061,16316.91,22143.604,2713.375,3690.87,11.193,2167.818,15868.5,21535.068,78.312,70.664,4700.28,3455.451,4713.02,15.822,7.85,2280.928,23090.887,2.289,8.415,2242.192,2818.187,3833.44,21285.139,28885.965,81.337,92.18,24.146,262.888,1351.629,79.963,108.77,995.972,9.965,96.211,782.3,1061.656,2.308,4.313,3545.28,-3.281,-76.422,1898.078,505.819,688.04,1398.633,14.599,6.057,2.335,38.734,2450.57,646.631,879.58,1805.746,18.663,7.82,-12.74,-0.271,16.668,31.765,230.835,64.106,87.2,170.095,1.85,0.737,3.38,176.243,5390.733,24.848,33.8,3972.258,-0.068,-1.611,1738.597,2359.442,0.717,17.203,88.139,27.632,10.971,8.728,20.314,64.947,0.586,0.281,3464.817,1.006,6.969,2219.735,582.525,792.38,1635.651,16.813,7.084,272.325,5.254,7.2,1.919,2.61,5.306,0.055,0.023,50.001,67.304,204.416,54.475,74.1,150.628,1.572,0.652,CHN,679390629,665644371,50.511
China,2012,9779.292,1369520865,32624.178,CHN,14773157625856,17.792,3.897,18.878,25.797,22,30.13,0.604,0.079,720.151,1.259,278.754,16407.875,22422.357,2736.862,3748.19,1.181,254.234,15944.628,21789.303,75.151,68.729,4976.76,3633.942,4987.54,16.241,4.109,1287.643,23873.201,2.208,2.421,699.467,2840.161,3889.66,21649.555,29585.432,77.988,90.686,11.626,157.147,1508.776,80.503,110.25,1104.068,5.004,53.125,815.756,1114.781,2.211,4.625,3591.78,25.398,467.647,2365.726,629.994,862.79,1731.153,17.299,7.251,24.648,588.176,3038.746,801.653,1097.88,2223.645,22.012,9.314,-10.78,-0.217,12.75,27.855,258.69,71.792,98.32,189.3,1.971,0.793,4.889,263.566,5654.299,22.796,31.22,4137.613,2.269,53.527,1765.724,2412.969,0.626,17.332,96.12,30.133,9.051,7.981,22.003,70.337,0.604,0.295,3641.814,25.922,560.321,2780.055,729.861,999.56,2034.344,20.041,8.521,37.721,2.656,9.856,2.621,3.59,7.212,0.072,0.03,39.069,78.14,282.556,75.245,103.05,206.764,2.066,0.866,CHN,700996454,653193546,51.765
China,2013,9956.329,1379008046,33852.562,CHN,15925464006656,37.161,9.586,25.713,35.384,26.925,37.13,0.684,0.105,717.389,2.14,479.773,16642.777,22902.131,2956.741,4077.37,1.124,244.834,16012.013,22034.137,75.067,67.653,5420.4,3930.652,5431.63,17.097,3.765,1228.387,24600.361,2.126,3.187,942.953,3065.073,4226.76,22184.709,30528.387,77.818,90.18,13.919,210.01,1718.785,84.401,116.39,1249.026,9.269,103.326,885.188,1218.107,2.143,5.077,3896.59,5.426,113.348,2479.073,659.612,909.61,1801.521,16.747,7.323,10.375,285.433,3324.179,873.722,1204.87,2415.652,22.182,9.82,-11.23,-0.207,13.408,32.918,291.608,80.855,111.5,211.909,2.053,0.861,4.477,253.17,5907.47,23.93,33,4292.906,1.196,28.857,1774.454,2441.826,0.608,17.451,118.464,37.133,23.23,22.344,26.927,86.087,0.684,0.35,3938.795,10.084,252.516,3032.571,792.867,1093.37,2203.743,20.13,8.958,132.963,12.966,22.822,6.07,8.37,16.585,0.154,0.067,34.172,94.271,376.828,100.26,138.26,273.837,2.545,1.113,CHN,722694421,640545579,53.013
China,2014,9990.257,1387951973,34729.066,CHN,17103948087296,4.44,1.571,26.678,36.955,33.337,46.27,0.799,0.106,693.728,-0.425,-97.428,16463.236,22804.703,3028.246,4203.06,-1.604,-353.375,15651.837,21680.762,72.536,65.665,5783.04,4166.6,5794.45,17.945,2.589,876.5,25071.705,2.03,0.991,302.465,3149.965,4372,22257.494,30830.852,75.452,88.775,9.591,164.846,1883.631,96.026,133.28,1359.837,7.692,93.701,947.025,1311.809,2.3,5.424,4019.77,16.499,391.735,2870.808,763.492,1059.69,2072.502,18.288,8.266,17.669,574.035,3898.214,1024.855,1422.45,2814.209,24.548,11.225,-11.41,-0.197,19.477,54.71,346.318,95.983,133.22,250.015,2.299,0.997,3.979,235.047,6142.517,25.693,35.66,4434.423,0.7,17.093,1775.15,2458.919,0.615,17.687,147.624,46.268,24.601,29.16,33.336,106.573,0.798,0.425,4174.82,17.49,519.325,3551.896,928.872,1289.23,2564.195,22.249,10.227,180.78,40.874,63.697,16.939,23.51,45.984,0.406,0.183,15.549,55.985,432.813,115.105,159.76,312.457,2.757,1.246,CHN,744357517,627502483,54.259
China,2015,9863.457,1396134164,35135.988,CHN,18301224747008,-26.129,-9.656,19.587,27.299,38.728,54.07,0.93,0.078,667.715,-2.086,-475.66,16021.235,22329.043,2898.124,4046.17,-1.876,-406.803,15264.205,21273.959,69.587,63.55,5802.14,4155.862,5814.58,17.903,1.172,406.922,25210.303,1.92,0.178,54.983,3043.791,4249.54,22160.789,30885.834,73.084,87.904,3.359,63.264,1946.895,119.552,166.91,1396.91,3.421,44.88,973.433,1356.689,2.871,5.541,3882.48,5.174,130.551,3001.359,798.29,1114.52,2153.495,19.168,8.542,9.108,351.94,4250.154,1120.981,1565.04,3049.514,26.916,12.096,-12.44,-0.214,28.645,96.552,442.87,122.753,171.38,317.762,2.947,1.26,7.609,467.379,6609.896,26.115,36.46,4742.644,1.481,36.414,1790.418,2495.333,0.627,18.812,172.514,54.07,16.863,24.89,38.729,123.78,0.93,0.491,4164.772,7.146,255.388,3807.285,998.228,1393.66,2731.752,23.968,10.836,67.916,42.623,106.32,28.278,39.48,76.285,0.679,0.303,16.167,66.98,499.793,132.931,185.59,358.604,3.192,1.422,CHN,765822300,614037700,55.5
China,2016,9762.714,1404052626,35277.711,CHN,19545710395392,1.889,0.516,19.841,27.815,44.25,62.13,1.013,0.079,651.666,-2.926,-653.264,15461.83,21675.779,2960.252,4156.35,-7.534,-1602.727,14031.94,19671.232,67.768,61.443,6120.44,4359.125,6133.16,18.954,0.403,141.723,25164.398,1.805,-0.946,-292.065,3131.784,4397.19,21823.236,30593.77,71.695,86.723,7.577,147.516,2094.411,134.098,188.28,1493.991,1.675,22.727,983.969,1379.416,3.07,5.937,3996.77,3.477,85.981,3087.341,821.387,1153.27,2202.271,18.804,8.752,10.767,433.79,4683.944,1236.4,1735.97,3341.165,28.305,13.277,-12.72,-0.208,24.391,104.759,547.629,151.832,213.18,390.636,3.476,1.552,3.233,213.683,6823.579,37.434,52.56,4867.415,-6.933,-172.996,1656.576,2322.336,0.857,19.342,198.27,62.135,14.915,25.756,44.254,141.43,1.013,0.562,4368.184,9.124,329.031,4136.315,1084.568,1522.79,2950.529,24.829,11.725,68.508,71.778,178.098,47.384,66.53,127.041,1.085,0.505,29.78,145,644.793,171.546,240.86,459.945,3.927,1.828,CHN,787376534,600413466,56.736
China,2017,10006.343,1412354742,36649.383,CHN,20894363680768,-6.755,-1.879,18.391,25.936,56.36,79.6,1.205,0.071,644.167,1.106,239.664,15539.826,21915.443,3136.627,4430.03,3.329,654.877,14412.859,20326.109,67.077,59.798,6591.39,4666.951,6604.44,19.743,3.888,1371.672,25987.383,1.754,2.999,917.368,3320.186,4689.28,22343.951,31511.137,71.002,85.98,15.189,318.111,2412.522,143.873,203.2,1710.673,8.161,112.579,1057.945,1491.995,3.077,6.583,4254.36,1.023,13.236,3100.576,824.906,1165.06,2198.56,17.641,8.46,10.053,454.302,5138.246,1356.005,1915.16,3643.433,28.998,14.02,-13.05,-0.198,16.381,85.96,633.589,175.664,248.1,449.266,3.757,1.729,5.27,359.593,7183.172,39.685,56.05,5093.451,-4.096,-95.122,1579.276,2227.215,0.849,19.6,254.016,79.599,28.107,55.746,56.359,180.118,1.205,0.693,4676.191,9.183,368.342,4504.657,1180.341,1667.06,3194.167,25.242,12.291,77.068,135.402,313.5,83.407,117.8,222.297,1.784,0.855,26.463,165.836,810.629,215.668,304.6,574.802,4.612,2.212,CHN,809246214,586968786,57.96
China,2018,10332.992,1419008963,38409.645,CHN,22294286041088,29.818,7.733,23.76,33.669,66.053,93.73,1.308,0.088,636.876,1.993,436.703,15773.501,22352.146,3357.216,4763.92,5.052,1026.842,15068.388,21352.951,66.478,58.194,7150.92,5039.376,7166.14,20.543,4.803,1760.262,27104.984,1.723,3.837,1209.011,3548.829,5035.82,23090.01,32720.148,70.272,85.187,17.688,426.738,2839.26,151.867,215.5,2003.614,8.19,122.194,1139.103,1614.188,3.007,7.392,4563.94,2.903,71.352,3171.928,844.878,1198.89,2238.372,16.73,8.258,11.482,551.25,5689.497,1501.273,2130.32,4014.974,29.728,14.813,-15.22,-0.213,18.904,115.366,748.955,207.892,295,528.524,4.117,1.95,4.811,345.569,7528.741,39.746,56.4,5312.895,-1.139,-25.377,1553.797,2201.838,0.787,19.601,299.108,93.725,17.747,45.092,66.05,211.075,1.308,0.779,5050.102,10.395,435.885,4940.542,1293.382,1835.32,3486.45,25.611,12.863,50.17,154.529,468.029,124.664,176.9,330.28,2.469,1.219,20.092,157.178,967.807,257.786,365.8,682.964,5.105,2.52,CHN,829760595,572999405,59.152
China,2019,10713.984,1423520354,40188.543,CHN,23631939764224,7.079,2.383,25.356,36.053,79.191,112.73,1.502,0.09,619.617,2.55,570.09,16121.257,22922.236,3410.692,4855.19,3.754,801.488,15581.264,22154.439,64.706,57.037,7486.63,5259.236,7503.43,20.672,4.631,1778.898,28264.688,1.701,3.598,1177.367,3610.879,5140.16,23840.193,33897.516,68.504,84.346,8.612,244.508,3083.768,163.327,232.5,2168.821,9.492,153.226,1243.026,1767.414,3.099,7.673,4649.25,6.143,182.447,3354.375,893.939,1272.54,2359.139,16.959,8.347,10.875,601.533,6291.03,1660.159,2363.27,4424.495,31.496,15.654,-16.8,-0.224,18.203,133.071,882.026,244.956,348.7,620.331,4.647,2.195,4.818,362.769,7891.51,36.859,52.47,5550.116,1.217,26.796,1567.403,2228.634,0.699,19.636,359.759,112.725,20.272,60.651,79.188,253.019,1.502,0.895,5271.039,9.718,468.462,5409.004,1415.203,2014.57,3804.164,26.849,13.459,26.625,122.429,590.458,157.356,224,415.27,2.985,1.469,10.798,100.553,1068.36,284.717,405.3,751.38,5.402,2.658,CHN,848982855,558762145,60.308
China,2020,10905.693,1426106083,41493.711,CHN,24151844716544,-23.742,-8.56,19.295,27.493,95.105,135.63,1.744,0.066,606.258,2.095,480.316,16423.652,23402.553,3451.328,4921.96,0.95,210.496,15695.465,22364.936,63.272,56.4,7762.03,5442.814,7779.07,20.851,3.248,1305.168,29119.828,1.718,2.451,830.877,3665.878,5227.93,24372.002,34728.391,67.205,83.696,9.158,282.404,3366.173,177.056,252.5,2362.343,9.77,172.678,1361.535,1940.092,3.246,8.112,4716.12,3.864,116.815,3471.19,926.796,1321.71,2436.043,16.991,8.366,7.473,474.29,6765.32,1788.885,2551.14,4747.827,32.795,16.304,-17.04,-0.22,5.019,40.863,922.889,256.783,366.2,647.673,4.708,2.224,0.864,68.157,7959.667,37.494,53.47,5586.006,1.639,36.53,1589.667,2265.163,0.687,19.183,432.86,135.626,20.315,73.101,95.102,303.776,1.743,1.043,5454.763,7.891,433.427,5842.432,1532.102,2184.94,4100.154,28.087,14.08,16.563,95.266,685.724,183.086,261.1,481.234,3.356,1.653,15.1,156.804,1225.164,327.115,466.5,859.807,5.997,2.953,CHN,866810508,544289492,61.428
China,2021,11447.913,1426437276,43847.004,CHN,26180600201216,4.063,1.117,20.065,28.61,116.325,165.93,1.944,0.065,599.005,3.901,912.924,17052.801,24315.477,3739.295,5333.87,3.635,813.039,16255.053,23177.975,62.5,55.455,8520.02,5972.937,8534.26,21.784,5.671,2353.293,30750.547,1.675,4.503,1563.858,3980.568,5678.03,25452.287,36292.25,66.532,82.77,12.967,436.507,3802.679,201.271,287.1,2666.875,7.839,152.077,1467.269,2092.169,3.364,8.673,5112.06,-1.642,-69.51,3401.68,911.362,1300,2385.648,15.233,7.758,11.875,789.435,7554.756,2002.352,2856.23,5298.261,33.468,17.23,-14.24,-0.167,11.278,100.325,1023.213,285.677,407.5,717.594,4.775,2.334,2.694,214.428,8174.095,40.002,57.06,5732.612,2.111,47.823,1622.131,2312.986,0.669,18.642,529.582,165.925,22.341,96.722,116.321,371.404,1.944,1.208,5982.92,11.974,689.111,6531.542,1716.676,2448.73,4580.667,28.693,14.896,25.239,169.929,855.653,229.242,327,600.082,3.832,1.951,40.579,490.853,1716.017,459.747,655.8,1203.468,7.684,3.914,CHN,882894483,529465517,62.512
China,2022,11350.538,1425179562,44516.312,CHN,26966017179648,2.003,0.573,20.467,29.183,128.075,182.53,2.063,0.066,586.7,0.338,82.303,17110.594,24397.779,3797.894,5412.68,9.439,2187.658,17789.367,25365.633,61.169,54.806,8835.76,6199.752,8848.71,22.407,1.526,669.309,31220.076,1.651,0.222,80.396,4041.835,5760.34,25508.779,36372.648,65.098,81.706,-0.689,-26.204,3776.475,193.393,275.62,2648.509,6.034,126.245,1555.813,2218.414,3.115,8.483,5191.54,-0.144,-17.301,3384.379,910.847,1298.12,2373.525,14.67,7.603,8.067,588.912,8143.668,2167.004,3088.37,5711.298,34.902,18.294,-12.95,-0.147,2.523,21.987,1045.2,293.142,417.78,733.017,4.721,2.348,0.297,24.298,8198.393,50.548,72.04,5749.678,2.937,67.931,1669.779,2380.917,0.814,18.417,582.571,182.525,10.005,52.989,128.072,408.568,2.063,1.309,6208.839,8.979,566.925,7098.468,1873.862,2670.59,4978.281,30.181,15.946,30.664,258.297,1113.95,299.801,427.27,781.233,4.829,2.502,16.296,272.367,1988.384,535.14,762.67,1394.489,8.619,4.467,CHN,897578430,514596570,63.56
China,2023,11902.503,1422584937,47427.562,CHN,NA,5.6,1.634,21.616,30.818,139.275,198.13,2.095,0.065,583.608,4.676,1140.742,17913.33,25538.521,4044.666,5753.88,1.952,495.049,18139.301,25860.682,60.846,53.847,9443.07,6637.966,9456.45,22.495,6.54,2911.25,33266.828,NA,6.337,2304.766,4307.356,6127.58,27129.264,38677.414,64.798,81.55,7.2,271.906,4048.381,209.337,297.8,2839.632,5.597,124.169,1643.144,2342.583,3.149,8.536,5518.86,-5.556,-199.657,3184.722,861.812,1226,2233.84,12.965,6.715,7.767,606.484,8750.152,2340.015,3328.87,6137.566,35.202,18.45,-13.38,-0.142,4.055,38.429,1083.629,305.585,434.72,760.083,4.597,2.285,10.882,892.118,9090.511,53.354,75.9,6376.302,2.102,50.056,1705.142,2430.972,0.803,19.167,632.369,198.125,8.547,49.797,139.271,443.558,2.095,1.333,6647.372,8.341,568.055,7666.523,2034.43,2894.15,5377.483,30.605,16.165,36.717,403.474,1517.424,410.626,584.15,1064.358,6.177,3.199,16.154,312.807,2301.191,622.719,885.87,1614.11,9.368,4.852,CHN,910895447,499814553,64.57
